ba_code,model,hours,coverage_80,width_80_pct,pinball_80,coverage_95,width_95_pct,pinball_95
CISO,lgbm_global,8781,68.14713586151919,8.770310797770078,205.67413398644482,87.25657669969252,14.427387909961723,79.74061060501981
CISO,lgbm_global+cqr,8781,79.6606309076415,10.903610612731933,199.45910340901855,94.43115818243936,18.225420488165536,72.72643852424254
CISO,nhits,8781,79.53536043730783,16.124845015773765,296.62927761844645,94.6019815510762,29.02664544801257,113.8502506382522
CISO,nhits+cqr,8781,79.10260790342785,15.93500867850438,297.31677841918093,95.35360437307824,29.97231912477207,114.15368734085405
CISO,ridge,8781,76.76802186539119,12.986853368718332,246.63199397770447,92.84819496640473,19.7318832096366,87.02015410387996
CISO,ridge+cqr,8781,78.47625555175948,13.607307882153584,244.78040554446747,94.21478191549937,20.933719621032846,86.2349328232865
CISO,seasonal_naive,8781,78.69263181869947,21.45116280230331,433.6712772586563,94.77280491971301,37.83135798224416,155.48413200002722
CISO,seasonal_naive+cqr,8781,78.10044414075846,21.77596484466124,426.05132271544966,93.81619405534677,36.7371739988853,157.80156834266782
ERCO,lgbm_global,8783,69.15632471820562,9.230449539918888,541.0180798289839,86.86098144142093,15.563018402891084,245.09549012360054
ERCO,lgbm_global+cqr,8783,79.36923602413754,12.568690542759377,538.7431140999672,93.12307867471252,24.056937620906098,233.28579476843214
ERCO,nhits,8783,73.93828987817375,14.171539195859111,649.213828872182,90.97119435272685,25.96870596130786,261.8955903750054
ERCO,nhits+cqr,8783,78.44699988614369,15.946061132122058,645.1484397682312,94.59182511670272,30.349527568872908,253.71083315024418
ERCO,ridge,8783,77.93464647614711,15.68717572636558,684.4042955146977,93.5785039280428,26.186773127705862,267.1076728396216
ERCO,ridge+cqr,8783,78.6063987248093,17.363425812877804,701.9000895973061,93.07753614937948,29.541660439561674,267.37206946275387
ERCO,seasonal_naive,8783,81.39587840145737,27.026477171752425,1092.6058540267295,95.26357736536491,47.66275539012421,407.07270353403646
ERCO,seasonal_naive+cqr,8783,78.00296026414665,26.96237167729955,1141.9264900133837,92.04144369805306,46.18566659356645,435.5929658453669
FPL,lgbm_global,8547,72.71557271557272,12.224870319934718,165.93573823626147,89.28278928278928,19.702538018384725,62.908503053871364
FPL,lgbm_global+cqr,8547,80.61308061308061,14.592415104573533,163.04073298709034,95.2965952965953,24.291558833974698,59.2083783284892
FPL,nhits,8547,76.19047619047619,21.267073179884513,266.63134838750074,94.94559494559495,40.5409679351347,101.14413880544255
FPL,nhits+cqr,8547,79.45477945477946,22.922297206741266,267.1108119191127,95.6007956007956,41.0848262553235,100.67601811025277
FPL,ridge,8547,75.62887562887563,16.928820461723856,213.48438648466032,92.3949923949924,26.488454432937313,75.85591507401068
FPL,ridge+cqr,8547,79.91107991107991,19.154117715913834,211.20513880437517,94.51269451269451,29.027010225950328,72.43352119253876
FPL,seasonal_naive,8547,78.83467883467884,27.326418002401102,310.5841101535227,96.32619632619632,46.316811719673694,106.00220140725732
FPL,seasonal_naive+cqr,8547,79.7004797004797,28.240051928021284,312.81685917138384,94.11489411489411,40.987396864456784,105.63964287837004
ISNE,lgbm_global,8783,68.08607537287942,13.8566890052923,179.46886783967835,83.8210178754412,20.978977273930195,78.01050729537792
ISNE,lgbm_global+cqr,8783,78.57224183080952,17.445807589744188,174.16564546204725,94.22748491403848,30.296412571187748,65.22850322140832
ISNE,nhits,8783,73.16406694751224,19.98104249964166,225.30664555617918,91.13059319139246,35.92493270914652,89.5324829782588
ISNE,nhits+cqr,8783,78.25344415347831,22.15612728695556,221.67147131599216,94.31856996470454,40.717482151790456,84.93942099241902
ISNE,ridge,8783,77.27427985881818,19.9715192707693,199.47677397234386,93.06615051804623,31.481027427392107,71.06351921215392
ISNE,ridge+cqr,8783,78.79995445747467,21.073077171210972,199.42891306634414,94.13639986337242,33.668368327766785,70.98264091774256
ISNE,seasonal_naive,8783,78.34452920414437,32.392757562183334,327.359272374095,93.86314471137425,52.70683502534426,121.68927152495574
ISNE,seasonal_naive+cqr,8783,77.92326084481384,34.07803458026458,328.0693737634194,92.8042809973813,53.66815209982969,120.40862719431841
MISO,lgbm_global,8784,70.30965391621129,6.617762713761548,494.28228267054624,89.07103825136612,11.73880152435801,217.95785982217217
MISO,lgbm_global+cqr,8784,79.71311475409836,8.553814222309594,490.85931309634526,93.4995446265938,15.851438166461238,204.34462516931046
MISO,nhits,8784,82.24043715846994,12.566316054285432,646.5464623400857,95.45765027322405,23.174865457510432,258.39517230813846
MISO,nhits+cqr,8784,78.32422586520947,12.09646332802126,649.4451407788664,94.33060109289617,22.55255449936377,255.68624991328346
MISO,ridge,8784,77.94854280510019,12.261410119930046,720.8251046227634,93.85245901639344,20.166854941549033,267.48350274414355
MISO,ridge+cqr,8784,79.90664845173042,13.149786593194554,729.6285107354854,94.37613843351548,22.02939669416173,278.97016818834703
MISO,seasonal_naive,8784,79.40573770491804,21.182718863115387,1279.3119171730189,94.52413479052824,38.47090908837887,459.2778841067054
MISO,seasonal_naive+cqr,8784,78.64298724954463,22.744572908999654,1320.328852646263,92.99863387978142,38.491933511591746,497.16110605857136
NYIS,lgbm_global,8758,66.62480018269011,9.180066766249151,164.7902001937311,84.80246631651062,14.699301205800522,69.48519216586041
NYIS,lgbm_global+cqr,8758,79.04772779173327,11.901881364505742,159.32534189146932,94.27951587120347,21.136072829257156,59.53680404468411
NYIS,nhits,8758,76.27312171728705,15.12873400765441,215.96521689656063,93.366065311715,28.00445889039337,80.98111612825643
NYIS,nhits+cqr,8758,77.81456953642385,15.92309206083349,214.36407323237503,93.9483900433889,28.45794692205461,78.611964939533
NYIS,ridge,8758,76.20461292532542,14.988691010806141,215.91812067285875,92.94359442795158,24.317604613443343,79.11307735600394
NYIS,ridge+cqr,8758,79.26467229961179,16.44661663976983,214.14102845240382,93.9483900433889,27.077620152384878,78.41763115850743
NYIS,seasonal_naive,8758,75.46243434574103,24.438072348193224,367.51938284871324,92.32701530029688,41.608801561769646,141.35644162409176
NYIS,seasonal_naive+cqr,8758,76.72984699703129,26.77000147400116,369.8724565957108,91.72185430463576,43.51262856361264,136.50736842108495
PJM,lgbm_global,8734,68.37645981222808,7.833598292020311,759.0641159299336,87.66888023814975,13.495922301681038,328.60879671216446
PJM,lgbm_global+cqr,8734,77.95969773299748,10.02499233556889,748.9772020425694,92.76391115182047,17.994677528997958,296.8385703439287
PJM,nhits,8734,76.67735287382642,13.507665654292719,1061.9131849578516,92.78681016716281,24.59356583223444,429.8317712544905
PJM,nhits+cqr,8734,78.32608197847493,14.383838718928484,1068.5725751642287,93.88596290359514,26.683948563223627,428.89753090360784
PJM,ridge,8734,75.2690634302725,14.241700733986766,1125.5890131627468,92.23723379894665,23.314600583763806,423.34236029924085
PJM,ridge+cqr,8734,78.4520265628578,15.73336226385499,1134.241020043884,93.64552324250057,26.672201334299736,425.64951586998603
PJM,seasonal_naive,8734,74.53629493931761,25.12604898179658,1968.956862620349,93.42798259674834,43.27518656886765,663.4527728337451
PJM,seasonal_naive+cqr,8734,76.36821616670483,27.991126811296954,1993.4639813927765,92.37462789100069,43.103345837354986,675.3140211790187
SOCO,lgbm_global,8782,66.84126622637213,10.529837696032134,322.9384107979042,85.88020951947165,17.578811073825786,144.38098790459986
SOCO,lgbm_global+cqr,8782,78.87724891824186,15.108793468601405,312.6170940293601,93.03120018219084,25.863061081035063,120.21110794097247
SOCO,nhits,8782,75.97358232748805,18.198936020511177,398.85354609392795,92.94010475973582,33.58415502811211,161.8899143845366
SOCO,nhits+cqr,8782,79.08221361876566,20.153723788893053,398.4956429655474,94.76201320883625,36.89315059086652,157.78830358044382
SOCO,ridge,8782,75.81416533819176,18.158922927049343,429.60023113055024,93.0995217490321,31.149644730329552,171.30599439673307
SOCO,ridge+cqr,8782,79.60601229788203,21.07244771474394,426.1575523532473,93.86244591209292,35.39194372212737,165.14328253068132
SOCO,seasonal_naive,8782,80.25506718287406,31.193072190915622,684.9626490581236,94.6823047141881,59.46258566791712,258.65300328375145
SOCO,seasonal_naive+cqr,8782,79.03666590753815,33.200196413598846,683.2000142867332,93.35003416078342,56.501368207210405,249.87446493307883
SWPP,lgbm_global,8783,65.10303996356598,7.2397529912463146,308.22595558347984,85.81350335876124,13.153636260405095,147.2219524866892
SWPP,lgbm_global+cqr,8783,81.31617898212455,11.083664880721058,292.68559820448195,94.9447796880337,20.593630051388047,124.70333266150615
SWPP,nhits,8783,76.38620061482409,12.90866840506956,367.57244553798887,91.88204485938745,23.508407228366075,154.69800207187365
SWPP,nhits+cqr,8783,78.56085619947626,14.011699394605907,362.93967184253313,95.45713309803028,27.529196038484844,146.76290301966074
SWPP,ridge,8783,75.65752020949562,14.416603365203812,405.321407769525,92.13252874871911,23.084578554533202,157.27107165345555
SWPP,ridge+cqr,8783,80.78105430946145,16.506397850973126,408.1857721381396,94.12501423203916,27.904497111192,160.13496496541592
SWPP,seasonal_naive,8783,78.10543094614596,25.528979224576617,680.8597711385349,94.3868837527041,43.25114510362201,243.4007420277736
SWPP,seasonal_naive+cqr,8783,79.63110554480247,27.485101713511874,689.1212706480829,94.11362860070591,45.223063704827666,252.00196968909734
TVA,lgbm_global,8783,68.51872936354322,10.506826564127463,224.1467560886235,86.45109871342366,17.823987976124474,103.84479423529339
TVA,lgbm_global+cqr,8783,79.15290902880565,14.814148549697338,221.9016161263587,93.13446430604577,27.15558329046557,89.66486646174597
TVA,nhits,8783,75.3956506888307,18.75029546642821,305.7002359460837,92.13252874871911,34.41175594070098,123.82266456684792
TVA,nhits+cqr,8783,78.13958784014574,21.659876443016692,305.56169503920034,93.8745303427075,39.081339643907235,116.33098005824466
TVA,ridge,8783,78.64055561880906,20.428787400924396,333.29992133070107,92.59933963338267,33.9091147283449,141.06653920029257
TVA,ridge+cqr,8783,79.30092223613799,22.960162994003486,335.3591231207637,92.81566662871457,39.67887143955083,131.59096636439952
TVA,seasonal_naive,8783,79.80189001480132,35.96500189439014,539.6192846787461,94.77399521803484,65.80067077166055,197.21071962488992
TVA,seasonal_naive+cqr,8783,78.85688261414096,38.36311866678712,542.1115236982544,93.43049072071047,62.28624528899005,185.5584384270545
