ba_code,target_day,model,hours,mae,rmse,mape,bias_pct
CISO,2026-09-24,lgbm_live,24,2969.9691,3425.5145,9.1767,-8.9743
CISO,2026-09-24,operator,24,1980.6250,2642.0400,6.2788,-3.8523
CISO,2026-09-25,lgbm_live,24,3759.4334,4303.1263,11.5992,-11.5992
CISO,2026-09-25,operator,24,2275.0000,3186.9074,6.8815,-3.1169
CISO,2026-09-26,lgbm_live,24,2175.3983,2441.3625,7.2225,-7.2225
CISO,2026-09-26,operator,24,2286.0833,3762.1272,7.4614,-7.0230
CISO,2026-09-27,lgbm_live,24,1623.8272,1700.0572,5.9328,-5.3303
CISO,2026-09-27,operator,24,2006.1667,2682.0117,7.2499,-7.2499
CISO,2026-09-28,lgbm_live,24,1284.5039,1653.9356,4.5106,-1.5513
CISO,2026-09-28,operator,24,2546.0000,3880.1354,8.3262,-8.0798
ERCO,2026-09-24,lgbm_live,24,3707.1749,4571.9296,5.0614,-2.6316
ERCO,2026-09-24,operator,24,701.7500,862.1824,1.0582,-1.0282
ERCO,2026-09-25,lgbm_live,24,2894.7867,3431.7559,4.1904,-0.7076
ERCO,2026-09-25,operator,24,632.7917,769.1039,0.9242,-0.1133
ERCO,2026-09-26,lgbm_live,24,1033.7674,1218.1554,1.5650,-0.3728
ERCO,2026-09-26,operator,24,501.5417,638.5706,0.8323,0.1905
ERCO,2026-09-27,lgbm_live,24,2107.0990,2394.0946,3.1447,-3.0524
ERCO,2026-09-27,operator,24,496.1667,589.9331,0.7827,-0.5563
ERCO,2026-09-28,lgbm_live,24,2617.6059,3046.2577,4.2258,-4.2258
ERCO,2026-09-28,operator,24,956.4583,1060.3087,1.4591,-1.4581
FPL,2026-09-24,lgbm_live,24,2523.1148,2877.9654,12.1675,-12.1675
FPL,2026-09-24,operator,24,823.4167,1089.0081,4.0267,-4.0074
FPL,2026-09-25,lgbm_live,24,1461.8417,1808.8916,7.3554,-7.3554
FPL,2026-09-25,operator,24,574.0417,721.4725,3.0225,-2.4309
FPL,2026-09-26,lgbm_live,24,630.0426,745.9279,3.6394,-3.6389
FPL,2026-09-26,operator,24,596.8333,757.5282,3.2438,-3.0005
FPL,2026-09-27,lgbm_live,24,632.8030,880.4496,3.4062,-1.7776
FPL,2026-09-27,operator,24,556.7500,733.9578,2.9433,-2.2601
FPL,2026-09-28,lgbm_live,24,601.8422,691.8013,3.5452,0.7461
FPL,2026-09-28,operator,24,477.2500,668.5742,2.5100,-2.0266
ISNE,2026-09-24,lgbm_live,24,2081.4352,2338.3090,21.0313,21.0313
ISNE,2026-09-24,operator,24,257.8333,344.5744,2.7330,-2.3547
ISNE,2026-09-25,lgbm_live,24,916.1685,941.5871,8.2902,8.2902
ISNE,2026-09-25,operator,24,244.8333,348.6047,2.3351,-1.8367
ISNE,2026-09-26,lgbm_live,24,348.3582,436.3040,2.9985,-2.1888
ISNE,2026-09-26,operator,24,251.5000,305.2872,2.3756,-1.6280
ISNE,2026-09-27,lgbm_live,24,445.4629,566.4656,3.6704,-3.3936
ISNE,2026-09-27,operator,24,249.4583,301.4857,2.3311,-0.8474
ISNE,2026-09-28,lgbm_live,24,990.1170,1231.7115,7.6609,-6.1516
ISNE,2026-09-28,operator,24,128.2917,183.8955,1.1660,-0.4164
MISO,2026-09-24,lgbm_live,24,7390.9941,7467.0120,9.7443,9.7443
MISO,2026-09-24,operator,24,1340.6667,1531.0325,1.7116,1.6244
MISO,2026-09-25,lgbm_live,24,3586.1871,3779.2466,4.9326,4.9326
MISO,2026-09-25,operator,24,1785.5000,1944.1484,2.3498,2.3498
MISO,2026-09-26,lgbm_live,24,1728.7379,2039.7522,2.4237,2.3388
MISO,2026-09-26,operator,24,1129.5000,1319.2602,1.5550,1.4999
MISO,2026-09-27,lgbm_live,24,1053.6893,1164.3052,1.5034,0.4188
MISO,2026-09-27,operator,24,585.8750,730.3662,0.8268,0.0881
MISO,2026-09-28,lgbm_live,24,1670.4035,2105.5254,2.0854,1.4147
MISO,2026-09-28,operator,24,521.3750,630.5849,0.6884,0.3697
NYIS,2026-09-24,lgbm_live,24,2865.3697,3041.6181,20.8050,20.8050
NYIS,2026-09-24,operator,24,248.9167,282.0129,1.7336,-1.7336
NYIS,2026-09-25,lgbm_live,24,2004.9752,2083.0099,14.4825,14.4825
NYIS,2026-09-25,operator,24,331.7917,352.0569,2.3552,-2.3552
NYIS,2026-09-26,lgbm_live,24,272.7584,312.8869,2.0161,0.6686
NYIS,2026-09-26,operator,24,582.5417,682.4737,4.1574,-4.1574
NYIS,2026-09-27,lgbm_live,24,375.5306,447.4422,2.6058,0.5295
NYIS,2026-09-27,operator,24,342.2083,398.1963,2.3977,-2.3977
NYIS,2026-09-28,lgbm_live,24,756.2580,952.2255,4.7491,-3.2797
NYIS,2026-09-28,operator,24,117.0833,147.6993,0.7511,-0.4934
PJM,2026-09-24,lgbm_live,24,6457.6537,7354.9805,7.4897,7.4897
PJM,2026-09-24,operator,24,2147.6667,2622.4350,2.5789,0.3633
PJM,2026-09-25,lgbm_live,24,11301.7862,11447.9755,13.4039,13.4039
PJM,2026-09-25,operator,24,1992.0000,2381.7416,2.4168,0.2598
PJM,2026-09-26,lgbm_live,24,1383.2158,2174.9097,1.7365,1.5683
PJM,2026-09-26,operator,24,1726.0833,2034.0038,2.1612,-1.5991
PJM,2026-09-27,lgbm_live,24,2467.2925,2986.3928,3.0431,0.8470
PJM,2026-09-27,operator,24,1753.7917,2176.0727,2.2247,-1.4729
PJM,2026-09-28,lgbm_live,24,2153.7079,2633.2275,2.4118,1.0089
PJM,2026-09-28,operator,24,2479.2500,3086.8582,2.9388,-1.4480
SOCO,2026-09-24,lgbm_live,24,5102.1201,5463.0612,19.7873,19.7873
SOCO,2026-09-24,operator,24,2099.9583,2706.7282,7.9164,6.9663
SOCO,2026-09-25,lgbm_live,23,6173.4941,6244.5987,25.5319,25.5319
SOCO,2026-09-25,operator,23,1097.3478,1605.1349,4.4102,4.3426
SOCO,2026-09-26,lgbm_live,24,2773.0936,3131.4011,11.6241,11.6241
SOCO,2026-09-26,operator,24,1188.9167,1542.9607,5.1276,5.1276
SOCO,2026-09-27,lgbm_live,24,1321.5671,1558.2016,6.0541,4.8585
SOCO,2026-09-27,operator,24,1615.8750,2017.5909,7.1339,7.1339
SOCO,2026-09-28,lgbm_live,24,1767.4379,2119.9461,7.2052,7.1931
SOCO,2026-09-28,operator,24,2108.0417,2606.6780,8.4419,8.4419
SWPP,2026-09-24,lgbm_live,24,3557.4908,3596.8399,10.3856,10.3856
SWPP,2026-09-24,operator,24,3512.6250,3606.4192,10.0615,10.0615
SWPP,2026-09-25,lgbm_live,24,3687.9913,3717.9292,10.9820,10.9820
SWPP,2026-09-25,operator,24,3870.1250,3902.9273,11.5000,11.5000
SWPP,2026-09-26,lgbm_live,24,1147.0820,1467.0861,3.3408,1.9611
SWPP,2026-09-26,operator,24,4663.2083,4844.8879,14.0279,14.0279
SWPP,2026-09-27,lgbm_live,24,1295.2790,1523.4739,3.6797,0.5629
SWPP,2026-09-27,operator,24,4241.1250,4253.9341,12.8330,12.8330
TVA,2026-09-24,lgbm_live,24,5135.8289,5212.3066,27.4743,27.4743
TVA,2026-09-24,operator,24,428.3333,543.7205,2.1874,0.8228
TVA,2026-09-25,lgbm_live,24,4281.6196,4310.2485,23.9556,23.9556
TVA,2026-09-25,operator,24,222.7083,276.1004,1.2106,0.4010
TVA,2026-09-26,lgbm_live,24,1140.6388,1578.8688,6.8056,6.8056
TVA,2026-09-26,operator,24,406.9167,483.7280,2.3440,-1.9946
TVA,2026-09-27,lgbm_live,24,1167.8297,1592.1112,7.1918,6.3596
TVA,2026-09-27,operator,24,287.1667,340.8991,1.6740,1.4508
TVA,2026-09-28,lgbm_live,24,1710.9432,1939.9202,9.9105,9.9105
TVA,2026-09-28,operator,24,784.7917,812.3547,4.5529,4.5529
