ba_code,model,hours,mae,rmse,mape,bias_pct,days,late_hours
CISO,lgbm_live,168,1910.6843,2502.0236,6.2123,-5.2212,7,96
CISO,operator,168,2212.2500,3386.0187,7.1376,-5.9459,7,0
ERCO,lgbm_live,168,2767.9365,3383.5064,4.1565,-2.8281,7,120
ERCO,operator,168,728.3571,914.8199,1.1005,-0.5031,7,0
FPL,lgbm_live,168,1137.7130,1578.6143,5.9145,-1.9494,7,120
FPL,operator,168,608.1012,817.9697,3.2139,-1.5921,7,0
ISNE,lgbm_live,168,922.7280,1229.9876,8.1417,0.6422,7,120
ISNE,operator,168,228.5119,303.3569,2.1414,-1.3901,7,0
MISO,lgbm_live,168,2774.9253,3657.7003,3.6679,2.4050,7,120
MISO,operator,168,1017.9048,1278.8389,1.3345,1.1442,7,0
NYIS,lgbm_live,168,1105.4614,1535.5384,7.6743,3.5216,7,120
NYIS,operator,168,328.8750,418.5424,2.2613,-2.1195,7,0
PJM,lgbm_live,168,3906.2737,5632.0700,4.5548,3.0987,7,120
PJM,operator,168,2202.9940,2739.7100,2.6194,-0.9260,7,0
SOCO,lgbm_live,167,2758.3226,3548.4378,11.2812,10.8194,7,120
SOCO,operator,167,1474.3413,1947.2020,5.8897,5.8700,7,0
SWPP,lgbm_live,144,1950.6217,2385.3414,5.6576,4.0432,6,96
SWPP,operator,144,3048.3958,3504.8071,8.9594,8.9140,6,0
TVA,lgbm_live,168,2148.7598,2838.3939,12.0442,11.6253,7,120
TVA,operator,168,442.1667,537.3286,2.4134,1.4511,7,0
