ba_code,model,reference,days,skill,skill_low,skill_high,dm_stat,dm_p,flag
CISO,seasonal_naive,operator,366,-0.12760180083931028,-0.31567196391653135,0.0676340415219842,1.223224122666564,0.22124505683349094,operator series has a growing midday bias (data_profile 5.1)
ERCO,seasonal_naive,operator,366,-2.3796567717241923,-2.951468878920465,-1.8840951081288055,8.483804168755876,2.1794845296442454e-17,""
FPL,seasonal_naive,operator,358,-1.6449905754855756,-1.9515003648077958,-1.3999739432876848,11.910151708124681,1.047864368394655e-32,""
ISNE,seasonal_naive,operator,366,-3.441647770359687,-4.071465179615902,-2.872337515483176,9.643616100550775,5.231200664254874e-22,""
MISO,seasonal_naive,operator,366,-1.2513973714418025,-1.6316498412539249,-0.9220889269880653,6.292121668039868,3.1315587117066373e-10,""
NYIS,seasonal_naive,operator,366,-2.2518837155023625,-2.8662647737404257,-1.6939121849408896,7.12963881369357,1.0063264432889417e-12,""
PJM,seasonal_naive,operator,364,-1.4610952712547869,-1.8677438909995778,-1.1265071394474646,7.545727580296598,4.497693418807257e-14,""
SOCO,seasonal_naive,operator,366,-4.481269420530617,-5.693776085222099,-3.543146679112291,8.557861364225957,1.1498051312063752e-17,""
SWPP,seasonal_naive,operator,366,-2.1678478759137567,-2.7874217203300193,-1.664391423630608,8.399013310864836,4.5024578167248873e-17,operator series changes definition in 2025-05 (data_profile 5.2)
TVA,seasonal_naive,operator,366,-3.6125539906455852,-4.806812095056406,-2.9338763963493415,7.918893786311547,2.3963293641880812e-15,""
CISO,ridge,operator,366,0.27483739772311666,0.1949262640408408,0.3527101918446746,-5.912379555772821,3.3720040642019024e-9,operator series has a growing midday bias (data_profile 5.1)
ERCO,ridge,operator,366,-1.2525082724601981,-1.5640561463278164,-0.9552054065631457,7.169320056365722,7.53711639550304e-13,""
FPL,ridge,operator,358,-0.7674741183379963,-0.9798631260319357,-0.6153512557390171,8.578548675483233,9.607765843979346e-18,""
ISNE,ridge,operator,366,-1.8473915845860582,-2.0827963908904112,-1.642250679141213,15.012502600689007,6.080938184499668e-51,""
MISO,ridge,operator,366,-0.3423792050716774,-0.5211509581545554,-0.1902185139911224,3.9524883506583093,0.00007734269551236365,""
NYIS,ridge,operator,366,-1.026656474989191,-1.2840931536626077,-0.779628388167477,8.237569393636454,1.7574439146379723e-16,""
PJM,ridge,operator,364,-0.46890032544047044,-0.6418476869937334,-0.3385526635458029,5.900340658017114,3.627518047207347e-9,""
SOCO,ridge,operator,366,-2.667773494192326,-3.423216334043367,-2.1060484787532454,8.3832238567906,5.149740329869751e-17,""
SWPP,ridge,operator,366,-0.9907116089856491,-1.2718075359403789,-0.7484097868170942,7.7245483788607165,1.122506033238728e-14,operator series changes definition in 2025-05 (data_profile 5.2)
TVA,ridge,operator,366,-1.9765764893953524,-2.6054496808950325,-1.5729140289439365,7.009946182577843,2.3840981176830386e-12,""
CISO,lgbm_global,operator,366,0.4332261068438279,0.37776476392272684,0.485181159189315,-11.839556582981054,2.4373818211210215e-32,operator series has a growing midday bias (data_profile 5.1)
ERCO,lgbm_global,operator,366,-0.8407805432971487,-1.1864943850383225,-0.5497121628240293,4.4845382238894596,7.307200689701571e-6,""
FPL,lgbm_global,operator,358,-0.4875367589637698,-0.6505116676163913,-0.3616039359801584,7.339022931377532,2.151587502511767e-13,""
ISNE,lgbm_global,operator,366,-1.3493355942334206,-1.5486913022474924,-1.1517135122476387,13.331936320792208,1.5092876668698064e-40,""
MISO,lgbm_global,operator,366,0.049130955827453304,-0.17734395600514463,0.23965750721341672,-0.4359876433968311,0.6628456948021704,""
NYIS,lgbm_global,operator,366,-0.5661278053343428,-0.755431172941137,-0.3764473576794112,5.728423362839719,1.013683286463199e-8,""
PJM,lgbm_global,operator,364,0.025445731480681077,-0.17805722816842812,0.17415675175353612,-0.259781894595751,0.7950320176197405,""
SOCO,lgbm_global,operator,366,-1.6529748967531441,-2.3099725560419055,-1.1497634164540254,5.210263325255549,1.8857279586716803e-7,""
SWPP,lgbm_global,operator,366,-0.5379554111168772,-0.8976459599491468,-0.30029121026336175,3.3072771707094097,0.0009420762843851186,operator series changes definition in 2025-05 (data_profile 5.2)
TVA,lgbm_global,operator,366,-1.0394905380224548,-1.6138713651391292,-0.6845979311232258,4.0252809211034775,0.000056907339122774366,""
CISO,seasonal_naive+cqr,operator,366,-0.12760180083931028,-0.2994094572890726,0.07529797505144445,1.223224122666564,0.22124505683349094,operator series has a growing midday bias (data_profile 5.1)
ERCO,seasonal_naive+cqr,operator,366,-2.3796567717241923,-2.8796796134161506,-1.9029164988740899,8.483804168755876,2.1794845296442454e-17,""
FPL,seasonal_naive+cqr,operator,358,-1.6449905754855756,-1.9777418698740776,-1.3951057745577151,11.910151708124681,1.047864368394655e-32,""
ISNE,seasonal_naive+cqr,operator,366,-3.441647770359687,-4.088627587300225,-2.858220270314818,9.643616100550775,5.231200664254874e-22,""
MISO,seasonal_naive+cqr,operator,366,-1.2513973714418025,-1.6750728065545932,-0.9146693042970265,6.292121668039868,3.1315587117066373e-10,""
NYIS,seasonal_naive+cqr,operator,366,-2.2518837155023625,-2.801803588165477,-1.7296385357773028,7.12963881369357,1.0063264432889417e-12,""
PJM,seasonal_naive+cqr,operator,364,-1.4610952712547869,-1.8501265808902159,-1.1537783753728215,7.545727580296598,4.497693418807257e-14,""
SOCO,seasonal_naive+cqr,operator,366,-4.481269420530617,-5.550348448320936,-3.5347256034216783,8.557861364225957,1.1498051312063752e-17,""
SWPP,seasonal_naive+cqr,operator,366,-2.1678478759137567,-2.7906227323437123,-1.6906544568576929,8.399013310864836,4.5024578167248873e-17,operator series changes definition in 2025-05 (data_profile 5.2)
TVA,seasonal_naive+cqr,operator,366,-3.6125539906455852,-4.762606395410735,-2.8958633276812837,7.918893786311547,2.3963293641880812e-15,""
CISO,ridge+cqr,operator,366,0.27483739772311666,0.19364296489892305,0.3489568820845804,-5.912379555772821,3.3720040642019024e-9,operator series has a growing midday bias (data_profile 5.1)
ERCO,ridge+cqr,operator,366,-1.2525082724601981,-1.5869188954077924,-0.9503977076000308,7.169320056365722,7.53711639550304e-13,""
FPL,ridge+cqr,operator,358,-0.7674741183379963,-0.9915025794482772,-0.6062655361888118,8.578548675483233,9.607765843979346e-18,""
ISNE,ridge+cqr,operator,366,-1.8473915845860582,-2.063945028124336,-1.6255782369550786,15.012502600689007,6.080938184499668e-51,""
MISO,ridge+cqr,operator,366,-0.3423792050716774,-0.5299700269654166,-0.18962057084909065,3.9524883506583093,0.00007734269551236365,""
NYIS,ridge+cqr,operator,366,-1.026656474989191,-1.283195924140761,-0.8079829067401559,8.237569393636454,1.7574439146379723e-16,""
PJM,ridge+cqr,operator,364,-0.46890032544047044,-0.6560233946784896,-0.3429082583684835,5.900340658017114,3.627518047207347e-9,""
SOCO,ridge+cqr,operator,366,-2.667773494192326,-3.343748623210953,-2.116716286193446,8.3832238567906,5.149740329869751e-17,""
SWPP,ridge+cqr,operator,366,-0.9907116089856491,-1.258830653824938,-0.7568493669312424,7.7245483788607165,1.122506033238728e-14,operator series changes definition in 2025-05 (data_profile 5.2)
TVA,ridge+cqr,operator,366,-1.9765764893953524,-2.7030085796473435,-1.523825974205068,7.009946182577843,2.3840981176830386e-12,""
CISO,lgbm_global+cqr,operator,366,0.4332261068438279,0.3780463629117046,0.4872292599342207,-11.839556582981054,2.4373818211210215e-32,operator series has a growing midday bias (data_profile 5.1)
ERCO,lgbm_global+cqr,operator,366,-0.8407805432971487,-1.175845900586856,-0.5530056838459091,4.4845382238894596,7.307200689701571e-6,""
FPL,lgbm_global+cqr,operator,358,-0.4875367589637698,-0.6337050475697182,-0.37026347261751263,7.339022931377532,2.151587502511767e-13,""
ISNE,lgbm_global+cqr,operator,366,-1.3493355942334206,-1.5432579593497213,-1.1756154256785734,13.331936320792208,1.5092876668698064e-40,""
MISO,lgbm_global+cqr,operator,366,0.049130955827453304,-0.17323115176594878,0.2277908561156601,-0.4359876433968311,0.6628456948021704,""
NYIS,lgbm_global+cqr,operator,366,-0.5661278053343428,-0.750498301028023,-0.37393706489641465,5.728423362839719,1.013683286463199e-8,""
PJM,lgbm_global+cqr,operator,364,0.025445731480681077,-0.20279164244687836,0.17146597180240253,-0.259781894595751,0.7950320176197405,""
SOCO,lgbm_global+cqr,operator,366,-1.6529748967531441,-2.3121126542465777,-1.1332744646756243,5.210263325255549,1.8857279586716803e-7,""
SWPP,lgbm_global+cqr,operator,366,-0.5379554111168772,-0.8845123511296952,-0.29971826955833886,3.3072771707094097,0.0009420762843851186,operator series changes definition in 2025-05 (data_profile 5.2)
TVA,lgbm_global+cqr,operator,366,-1.0394905380224548,-1.6091834493411104,-0.6611138547377469,4.0252809211034775,0.000056907339122774366,""
CISO,seasonal_naive,operator_debiased,366,-1.59684415230863,-1.9290659498546001,-1.253246141097362,7.758730616310582,8.578364126918751e-15,""
ERCO,seasonal_naive,operator_debiased,366,-2.459328593661723,-2.930320318652459,-1.9737463812294904,8.67632568847782,4.0876048354983004e-18,""
FPL,seasonal_naive,operator_debiased,358,-2.796678845802266,-3.3292857472798985,-2.4490305625543973,14.189763255852071,1.0601602865174509e-45,""
ISNE,seasonal_naive,operator_debiased,366,-4.661627720519684,-5.413229180108813,-3.9614563497682083,10.143641113747877,3.5366610886610034e-24,""
MISO,seasonal_naive,operator_debiased,366,-2.920599868180169,-3.5289674002835003,-2.4597130131618066,8.625725980919546,6.368734457489341e-18,""
NYIS,seasonal_naive,operator_debiased,366,-3.874823854472708,-4.658579105348276,-3.1481031813076568,8.300232067412052,1.0390822348785025e-16,""
PJM,seasonal_naive,operator_debiased,364,-3.273439798366832,-3.8648427779135663,-2.744401918764513,9.63290044817267,5.80668646090416e-22,""
SOCO,seasonal_naive,operator_debiased,366,-9.758124946533842,-12.041203020129487,-7.768999990801656,9.57013192310735,1.0676934748534757e-21,""
SWPP,seasonal_naive,operator_debiased,366,-2.1962844720183794,-2.7438797417373744,-1.7006217233759937,8.561258887246105,1.1164169542144173e-17,""
TVA,seasonal_naive,operator_debiased,366,-3.536724813256611,-4.5553848086285305,-2.851337003557022,7.8486173637699235,4.206488635360958e-15,""
CISO,ridge,operator_debiased,366,-0.6700348135254448,-0.8099833326872373,-0.5545942169912521,9.4374506298163,3.819592708194064e-21,""
ERCO,ridge,operator_debiased,366,-1.3056087646455952,-1.6148880961655965,-0.9920182988577222,7.503991730395078,6.190321128765193e-14,""
FPL,ridge,operator_debiased,358,-1.5370720250543584,-1.8632018312528495,-1.3328998125032625,13.188028066939047,1.0284022987450302e-39,""
ISNE,ridge,operator_debiased,366,-2.629479859714635,-2.9070172580286786,-2.324143386871382,16.141080891297957,1.3122301959522573e-58,""
MISO,ridge,operator_debiased,366,-1.3376289771011942,-1.6033025293035603,-1.1312118383302676,10.16698091645731,2.784043581690619e-24,""
NYIS,ridge,operator_debiased,366,-2.0381139651460893,-2.3346418517127825,-1.776508400162949,12.005304464890763,3.332352769991394e-33,""
PJM,ridge,operator_debiased,364,-1.5505949257181109,-1.846577916152395,-1.3337208600599813,10.425488646363696,1.8968180334391704e-25,""
SOCO,ridge,operator_debiased,366,-6.198764099847198,-7.743044774068008,-5.087936145175114,10.025852389218203,1.1734267456062548e-23,""
SWPP,ridge,operator_debiased,366,-1.008581489170214,-1.2959394450092507,-0.7217384889556674,7.463022229369411,8.456007410711112e-14,""
TVA,ridge,operator_debiased,366,-1.9276423528879074,-2.554608442397972,-1.4957317233623015,6.912688678449852,4.75552850222364e-12,""
CISO,lgbm_global,operator_debiased,366,-0.3052688183260053,-0.40433132753088596,-0.20877155949233442,5.991572554000687,2.0782156993579823e-9,""
ERCO,lgbm_global,operator_debiased,366,-0.8841749911886194,-1.1904204273149832,-0.626528775076949,4.769856319642525,1.8435736809605934e-6,""
FPL,lgbm_global,operator_debiased,358,-1.1352436554803935,-1.3324415174040098,-0.9993961818641599,13.509714819559642,1.3705130821419456e-41,""
ISNE,lgbm_global,operator_debiased,366,-1.9946236650904883,-2.2351539515381855,-1.7261461289068476,14.823083519804463,1.0390320013886152e-49,""
MISO,lgbm_global,operator_debiased,366,-0.655850316131479,-1.0020296342842272,-0.3914044688827644,3.8862749370014935,0.00010179421336639565,""
NYIS,lgbm_global,operator_debiased,366,-1.3477460612140693,-1.5584129149493111,-1.1395299622239483,10.356390261494255,3.914575732778868e-25,""
PJM,lgbm_global,operator_debiased,364,-0.6922136438202029,-1.0742346218567027,-0.4374925025887676,4.171602426722919,0.00003024650404551537,""
SOCO,lgbm_global,operator_debiased,366,-4.207011958285589,-5.587913558560578,-3.062133340640435,6.771952009439018,1.2705628974847405e-11,""
SWPP,lgbm_global,operator_debiased,366,-0.5517610667436437,-0.836624806851939,-0.29527343194873057,3.534588565095216,0.0004084105424333585,""
TVA,lgbm_global,operator_debiased,366,-1.0059618486879818,-1.580700316132985,-0.6492308250500824,3.9605810029857245,0.00007476762447891762,""
CISO,seasonal_naive+cqr,operator_debiased,366,-1.59684415230863,-1.9258370073373843,-1.2728072737371012,7.758730616310582,8.578364126918751e-15,""
ERCO,seasonal_naive+cqr,operator_debiased,366,-2.459328593661723,-2.9665184033332275,-1.9983284155765513,8.67632568847782,4.0876048354983004e-18,""
FPL,seasonal_naive+cqr,operator_debiased,358,-2.796678845802266,-3.2997318053387996,-2.4156660358666926,14.189763255852071,1.0601602865174509e-45,""
ISNE,seasonal_naive+cqr,operator_debiased,366,-4.661627720519684,-5.381054464681272,-3.9140247467098455,10.143641113747877,3.5366610886610034e-24,""
MISO,seasonal_naive+cqr,operator_debiased,366,-2.920599868180169,-3.608191373664489,-2.4387942425365523,8.625725980919546,6.368734457489341e-18,""
NYIS,seasonal_naive+cqr,operator_debiased,366,-3.874823854472708,-4.66077578400484,-3.1497910270809113,8.300232067412052,1.0390822348785025e-16,""
PJM,seasonal_naive+cqr,operator_debiased,364,-3.273439798366832,-3.8918687479169223,-2.752757715392822,9.63290044817267,5.80668646090416e-22,""
SOCO,seasonal_naive+cqr,operator_debiased,366,-9.758124946533842,-12.134779844533952,-7.671111583239912,9.57013192310735,1.0676934748534757e-21,""
SWPP,seasonal_naive+cqr,operator_debiased,366,-2.1962844720183794,-2.75186186732105,-1.7315155461385938,8.561258887246105,1.1164169542144173e-17,""
TVA,seasonal_naive+cqr,operator_debiased,366,-3.536724813256611,-4.587104769805989,-2.8392624012224106,7.8486173637699235,4.206488635360958e-15,""
CISO,ridge+cqr,operator_debiased,366,-0.6700348135254448,-0.8202519975492243,-0.5443032001086066,9.4374506298163,3.819592708194064e-21,""
ERCO,ridge+cqr,operator_debiased,366,-1.3056087646455952,-1.5878460833030483,-0.9890039608601823,7.503991730395078,6.190321128765193e-14,""
FPL,ridge+cqr,operator_debiased,358,-1.5370720250543584,-1.8568234494723648,-1.316582904919815,13.188028066939047,1.0284022987450302e-39,""
ISNE,ridge+cqr,operator_debiased,366,-2.629479859714635,-2.9231739501615426,-2.329304767069326,16.141080891297957,1.3122301959522573e-58,""
MISO,ridge+cqr,operator_debiased,366,-1.3376289771011942,-1.6049094542954678,-1.1068895671933983,10.16698091645731,2.784043581690619e-24,""
NYIS,ridge+cqr,operator_debiased,366,-2.0381139651460893,-2.3504641279776384,-1.778153111415564,12.005304464890763,3.332352769991394e-33,""
PJM,ridge+cqr,operator_debiased,364,-1.5505949257181109,-1.8474101228672049,-1.3141914985037093,10.425488646363696,1.8968180334391704e-25,""
SOCO,ridge+cqr,operator_debiased,366,-6.198764099847198,-7.478824468255973,-4.99927418723756,10.025852389218203,1.1734267456062548e-23,""
SWPP,ridge+cqr,operator_debiased,366,-1.008581489170214,-1.2875098805802967,-0.7414781847169315,7.463022229369411,8.456007410711112e-14,""
TVA,ridge+cqr,operator_debiased,366,-1.9276423528879074,-2.625402985725947,-1.4630526315345704,6.912688678449852,4.75552850222364e-12,""
CISO,lgbm_global+cqr,operator_debiased,366,-0.3052688183260053,-0.4134780667114776,-0.2090571000863121,5.991572554000687,2.0782156993579823e-9,""
ERCO,lgbm_global+cqr,operator_debiased,366,-0.8841749911886194,-1.1751293151750397,-0.5977104162215184,4.769856319642525,1.8435736809605934e-6,""
FPL,lgbm_global+cqr,operator_debiased,358,-1.1352436554803935,-1.3456310218203738,-0.9834658243024387,13.509714819559642,1.3705130821419456e-41,""
ISNE,lgbm_global+cqr,operator_debiased,366,-1.9946236650904883,-2.2513468603683666,-1.7460506261873214,14.823083519804463,1.0390320013886152e-49,""
MISO,lgbm_global+cqr,operator_debiased,366,-0.655850316131479,-0.9713056855696776,-0.39334616745543405,3.8862749370014935,0.00010179421336639565,""
NYIS,lgbm_global+cqr,operator_debiased,366,-1.3477460612140693,-1.5736278475150283,-1.1314307674666948,10.356390261494255,3.914575732778868e-25,""
PJM,lgbm_global+cqr,operator_debiased,364,-0.6922136438202029,-1.0334193351337972,-0.43341393462590944,4.171602426722919,0.00003024650404551537,""
SOCO,lgbm_global+cqr,operator_debiased,366,-4.207011958285589,-5.575713211895456,-3.091307856477894,6.771952009439018,1.2705628974847405e-11,""
SWPP,lgbm_global+cqr,operator_debiased,366,-0.5517610667436437,-0.837429040098404,-0.3097969774267011,3.534588565095216,0.0004084105424333585,""
TVA,lgbm_global+cqr,operator_debiased,366,-1.0059618486879818,-1.6016138685428463,-0.6490075870356061,3.9605810029857245,0.00007476762447891762,""
